Workbook

Sheet Respostas ao formulário 1
A1: Carimbo de data/hora | B1: Endereço de e-mail | C1: Nome Completo: | D1: Confirme o E-mail | E1: CPF | F1: Data de Nascimento | G1: Telefone (XX)XXXXX-XXXX | H1: Município que representa: | I1: Você faz parte do: | J1: Que cargo você ocupa na gestão municipal? | K1: Prezado(a) Gestor(a), Se existe algum caso de sucesso da gestão do transporte escolar no seu município, gostaríamos conhecer mais um pouco ao respeito. Por favor, relate de forma sucinta o caso de sucesso no espaço a seguir: | L1: Que cargo você ocupa no CACS-FUNDEB? | M1: Confirmação de veracidade dos dados
A2: 46167.737 | B2: sassasfs@vsd.edu.mt.gov.br | C2: Fabiano Ap. Domingos | D2: sassasfs@vsd.edu.mt.gov.br | E2: 287.794.758-09 | F2: 27979 | G2: (65)99629-3689 | H2: Pontes e Lacerda | I2: Gestão municipal | J2: técnico | M2: Declaro que revisei e confirmo a veracidade de todas as informações prestadas neste formulário.
A3: 46168.572 | B3: smec@mirassoldoeste.mt.gov.br | C3: ANICLÉIA SANTOS SOUZA | D3: smec@mirassoldoeste.mt.gov.br | E3: 015.993.181-99 | F3: 31494 | G3: (65)99689-1558 | H3: Mirassol d'Oeste | I3: Gestão municipal | J3: GERENTE DE TRANSPORTE E OPERADORA DOS SISTEMAS REALACIONADOS AO TRANSPORTE | K3: CONSIGO MIGRAR DADOS DO SISTEMA GEOTER (TRANSCOLAR) PARA O SISTEMA SETE? | M3: Declaro que revisei e confirmo a veracidade de todas as informações prestadas neste formulário.
A4: 46171.624 | B4: juscillenetizzo@gmail.com | C4: Jucilene Gomes Tizzo | D4: juscillenetizzo@gmail.com | E4: 041.564.271-02 | F4: 33394 | G4: (65)99615-9673 | H4: Nova Lacerda | I4: Gestão municipal | J4: Professora articuladora/ Responsável pelo sistema do Transporte Escolar. (Geoter) | M4: Declaro que revisei e confirmo a veracidade de todas as informações prestadas neste formulário.
A5: 46174.603 | B5: genim460@gmail.com | C5: Genes Batista de Morais | D5: genim460@gmail.com | E5: 010.203.911-97 | F5: 30775 | G5: (65)99948-0747 | H5: Nova Lacerda | I5: Gestão municipal | J5: Assessor Especial de Frotas | M5: Declaro que revisei e confirmo a veracidade de todas as informações prestadas neste formulário.
A6: 46174.605 | B6: mirandaandreia407@gmail.com | C6: Andreia Miranda da Silva | D6: mirandaandreia407@gmail.com | E6: 002.593.521-60 | F6: 30586 | G6: (65)99804-8403 | H6: Nova Lacerda | I6: Gestão municipal | J6: Secretária Adjunta de Educação e Cultura | M6: Declaro que revisei e confirmo a veracidade de todas as informações prestadas neste formulário.
A7: 46183.612 | B7: tlayanebritorcomp@gmail.com | C7: THAMIRES LAYANE RAMOS DE BRITO | D7: tlayanebritorcomp@gmail.com | E7: 026.322.321-39 | F7: 33595 | G7: (65)98449-1689 | H7: Vila Bela da Santíssima Trindade | I7: Gestão municipal | J7: Técnica Administrativa Escolar | K7: Frotas novas para o município e a continuidade dos serviços de transporte escolar terceirizado, visto que o município possui 43 linhas somente no transporte escolar terceirizados. | M7: Declaro que revisei e confirmo a veracidade de todas as informações prestadas neste formulário.
A8: 46183.621 | B8: jessica_aquarela@hotmail.com | C8: Jéssica Cordeiro Martins | D8: jessica_aquarela@hotmail.com | E8: 032.845.151-78 | F8: 34153 | G8: (65)99680-7383 | H8: Vila Bela da Santíssima Trindade | I8: Gestão municipal | J8: Técnico | M8: Declaro que revisei e confirmo a veracidade de todas as informações prestadas neste formulário.
A9: 46183.635 | B9: dirlenioliveira@hotmail.com | C9: Dirleni de Oliveira Ribeiro | D9: dirlenioliveira@hotmail.com | E9: 922.891.851-91 | F9: 29109 | G9: (65)99662-0393 | H9: Vila Bela da Santíssima Trindade | I9: CACS-FUNDEB | L9: Presidente do CACAS FUNDEB | M9: Declaro que revisei e confirmo a veracidade de todas as informações prestadas neste formulário.
A10: 46183.642 | B10: arisleibruno1806@gmail.com | C10: Arisley Bruno Valeriano dos Santos | D10: arisleibruno1806@gmail.com | E10: 056.862.501-38 | F10: 46183 | G10: (65)98411-2959 | H10: Vila Bela da Santíssima Trindade | I10: CACS-FUNDEB | L10: Conselheiro - Titular | M10: Declaro que revisei e confirmo a veracidade de todas as informações prestadas neste formulário.
A11: 46184.527 | B11: jusciellebezerrasouza476@gmail.com | C11: Juscielle Bezerra Souza | D11: jusciellebezerrasouza476@gmail.com | E11: 056.357.781-94 | F11: 34546 | G11: (66)99245-5397 | H11: Rondolândia | I11: Gestão municipal | J11: Agente Administrativo | M11: Declaro que revisei e confirmo a veracidade de todas as informações prestadas neste formulário.
A12: 46184.529 | B12: elianip011@gmail.com | C12: Eliani Pereira de Souza | D12: elianip011@gmail.com | E12: 027.366.512-00 | F12: 34109 | G12: (66)99250-0533 | H12: Rondolândia | I12: CACS-FUNDEB | L12: representante dos pais | M12: Declaro que revisei e confirmo a veracidade de todas as informações prestadas neste formulário.
A13: 46188.434 | B13: secretariaedu11@gmail.com | C13: Eduardo Trindade de Oliveira | D13: secretariaedu11@gmail.com | E13: 036.458.981-74 | F13: 38767 | G13: (65)98405-9329 | H13: Figueirópolis D'Oeste | I13: Gestão municipal | J13: Técnico administrativo educacional | M13: Declaro que revisei e confirmo a veracidade de todas as informações prestadas neste formulário.
A14: 46188.502 | B14: geovana.conquistadoeste2021@gmail.com | C14: GEOVANA MARIA DE ALMEIDA ALVES | D14: geovana.conquistadoeste2021@gmail.com | E14: 055.557.541-16 | F14: 35449 | G14: (65)99957-3144 | H14: Conquista D'Oeste | I14: Gestão municipal | J14: Agente Responsável Pela Prestação De Contas | M14: Declaro que revisei e confirmo a veracidade de todas as informações prestadas neste formulário.
A15: 46188.54 | B15: katianedasilvasantossilvasanto@gmail.com | C15: Katiane da Silva Santos | D15: katianedasilvasantossilvasanto@gmail.com | E15: 036.521.415-98 | F15: 32317 | G15: (65)99920-4158 | H15: Conquista D'Oeste | I15: CACS-FUNDEB | L15: Presidente | M15: Declaro que revisei e confirmo a veracidade de todas as informações prestadas neste formulário.
A16: 46188.731 | B16: ivanilda.matiasc@gmail.com | C16: Ivanilda Matias Cáceres | D16: ivanilda.matiasc@gmail.com | E16: 004.334.561-16 | F16: 27163 | G16: (65)98469-6390 | H16: Conquista D'Oeste | I16: Gestão municipal | J16: Tecnico transporte escolar | K16: A aquisição do Marua | M16: Declaro que revisei e confirmo a veracidade de todas as informações prestadas neste formulário.
A17: 46189.502 | B17: lubulamark@hotmail.com | C17: Lucimar Maria diniz | D17: lubulamark@hotmail.com | E17: 626.780.601-44 | F17: 28113 | G17: (65)99629-6236 | H17: Reserva do Cabaçal | I17: Gestão municipal | J17: SECRETARIA DE EDUCAÇÃO | K17: AINDA NÃO | M17: Declaro que revisei e confirmo a veracidade de todas as informações prestadas neste formulário.
A18: 46189.577 | B18: jairjt@gmail.com | C18: Jair José Teodoro | D18: jairjt@gmail.com | E18: 276.972.742-72 | F18: 25005 | G18: (65)99282-6868 | H18: Comodoro | I18: CACS-FUNDEB | L18: Conselheiro | M18: Declaro que revisei e confirmo a veracidade de todas as informações prestadas neste formulário.
A19: 46189.583 | B19: brunoprogresso1991@hotmail.com | C19: Bruno fagundes Rodrigues borges | D19: brunoprogresso1991@hotmail.com | E19: 320.747.388-11 | F19: 33367 | G19: (11)98432-3159 | H19: Reserva do Cabaçal | I19: CACS-FUNDEB | L19: Presidente | M19: Declaro que revisei e confirmo a veracidade de todas as informações prestadas neste formulário.
A20: 46189.634 | B20: itamarjauru@gmail.com | C20: Itamar Lucas Rosa | D20: itamarjauru@gmail.com | E20: 825.543.071-72 | F20: 28485 | G20: (65)99607-3376 | H20: Jauru | I20: Gestão municipal | J20: Técnico na Secretaria de Educação | M20: Declaro que revisei e confirmo a veracidade de todas as informações prestadas neste formulário.
A21: 46189.656 | B21: nilton_lucato@hotmail.com | C21: Nilton Fernando Lucato | D21: nilton_lucato@hotmail.com | E21: 219.439.348-00 | F21: 30030 | G21: (65)99638-7598 | H21: Jauru | I21: Gestão municipal | J21: Técnico da secretaria municipal de educação | M21: Declaro que revisei e confirmo a veracidade de todas as informações prestadas neste formulário.
A22: 46189.678 | B22: michele.batistello@gmail.com | C22: MICHELE DUARTE MAILHO BATISTELLO | D22: michele.batistello@gmail.com | E22: 890.945.731-72 | F22: 28080 | G22: (65)99274-2638 | H22: Campos de Júlio | I22: Gestão municipal | J22: Agente Administrativo/Prestação de Contas | M22: Declaro que revisei e confirmo a veracidade de todas as informações prestadas neste formulário.
A23: 46189.69 | B23: gilcimarpf@gmail.com | C23: Gilcimar Pinto de Freitas | D23: gilcimarpf@gmail.com | E23: 645.314.739-49 | F23: 23800 | G23: (65)99320-6969 | H23: Jauru | I23: CACS-FUNDEB | L23: Vice-presidente | M23: Declaro que revisei e confirmo a veracidade de todas as informações prestadas neste formulário.
A24: 46189.693 | B24: transportecjmt@gmail.com | C24: VANESSA CRISTINA DE ALMEIDA | D24: transportecjmt@gmail.com | E24: 004.966.541-36 | F24: 30174 | G24: (65)99963-1507 | H24: Campos de Júlio | I24: Gestão municipal | J24: COORDENADORA DE DESENVOLVIMENTO HUMANO DA EDUCAÇÃO | K24: nosso município foi a otimização das rotas por meio do planejamento periódico dos itinerários, considerando a localização dos estudantes e as condições das estradas. Essa ação possibilitou a redução do tempo de deslocamento, maior pontualidade no atendimento e melhor aproveitamento da frota disponível. | M24: Declaro que revisei e confirmo a veracidade de todas as informações prestadas neste formulário.
A25: 46189.722 | B25: elianabrferreira4@gmail.com | C25: Eliana Maria Ferreira | D25: elianabrferreira4@gmail.com | E25: 041.666.226-92 | F25: 27607 | G25: (65)99255-7172 | H25: Jauru | I25: CACS-FUNDEB | L25: Representante dos Professores da Educação Básica Pública | M25: Declaro que revisei e confirmo a veracidade de todas as informações prestadas neste formulário.
A26: 46190.419 | B26: patybella.pn@gmail.com | C26: Patricia Do Nascimento Bezerra | D26: patybella.pn@gmail.com | E26: 042.233.761-79 | F26: 34602 | G26: (65)99672-8485 | H26: Pontes e Lacerda | I26: Gestão municipal | J26: Chefe de Setor de Transporte Escolar | M26: Declaro que revisei e confirmo a veracidade de todas as informações prestadas neste formulário.
A27: 46190.712 | B27: paulovictorrosa14@gmail.com | C27: Paulo Victor Rosa | D27: paulovictorrosa14@gmail.com | E27: 011.731.721-73 | F27: 31377 | G27: (65)99995-0131 | H27: Campos de Júlio | I27: Gestão municipal | J27: Assessor Pedagógico/Presidente da Comissão do Transporte | K27: Compromisso | M27: Declaro que revisei e confirmo a veracidade de todas as informações prestadas neste formulário.
A28: 46191.575 | B28: navaferreira0202@gmail.com | C28: Edinalva ferreira da silva | D28: navaferreira0202@gmail.com | E28: 981.048.531-04 | F28: 28270 | G28: (65)98417-4848 | H28: Reserva do Cabaçal | I28: Gestão municipal | J28: Tecnico administrativo | M28: Declaro que revisei e confirmo a veracidade de todas as informações prestadas neste formulário.
A29: 46195.636 | B29: fpedrokeasy@gmail.com | C29: Pedro Amarildo Fernandes Toledo | D29: fpedrokessy@gmail.com | E29: 704.928.871-36 | F29: 37019 | G29: (65)98453-1412 | H29: Curvelândia | I29: CACS-FUNDEB | L29: Membro | M29: Declaro que revisei e confirmo a veracidade de todas as informações prestadas neste formulário.
A30: 46195.636 | B30: tecenf977@gmail.com | C30: José Bernardo dos Santos Filho | D30: tecenf977@gmail.com | E30: 819.178.481-53 | F30: 28563 | G30: (65)98434-5552 | H30: Curvelândia | I30: CACS-FUNDEB | L30: Membro | M30: Declaro que revisei e confirmo a veracidade de todas as informações prestadas neste formulário.
A31: 46195.755 | B31: elisavitorhugo1982@gmail.com | C31: Elisabete Borges da Silva | D31: Elisavitorhugo1982@gmail.com | E31: 004.304.751-36 | F31: 30083 | G31: (65)99613-3098 | H31: Curvelândia | I31: CACS-FUNDEB | L31: SECRETARIA EXECUTIVA DO CONSELHO | M31: Declaro que revisei e confirmo a veracidade de todas as informações prestadas neste formulário.
A32: 46197.376 | B32: elizangelafreitasdasilva38@gmail.com | C32: Elisangela Freitas da Silva Ramalho | D32: elizangelafreitasdasilva38@gmail.com | E32: 953.609.211-53 | F32: 29166 | G32: (65)96851-1096 | H32: Pontes e Lacerda | I32: Gestão municipal | J32: assistente administrativo | K32: O transporte escolar de Pontes e Lacerda tem sido referência em atendimento aos alunos que utilizam o transporte. | M32: Declaro que revisei e confirmo a veracidade de todas as informações prestadas neste formulário.

Sheet Inscritos
A1: Município | B1: Inscritos | C1: CACS-FUNDEB | D1: Gestão municipal | F1: Registro
A2: Araputanga | B2: =COUNTIF('Respostas ao formulário 1'!$H$2:$H$262,A2) -> 0 | C2: =COUNTIFS('Respostas ao formulário 1'!$H$2:$H$237,$A2,'Respostas ao formulário 1'!$I$2:$I$237,C$1) -> 0 | D2: =COUNTIFS('Respostas ao formulário 1'!$H$2:$H$237,$A2,'Respostas ao formulário 1'!$I$2:$I$237,D$1) -> 0
A3: Campos de Júlio | B3: =COUNTIF('Respostas ao formulário 1'!$H$2:$H$262,A3) -> 3 | C3: =COUNTIFS('Respostas ao formulário 1'!$H$2:$H$237,$A3,'Respostas ao formulário 1'!$I$2:$I$237,C$1) -> 0 | D3: =COUNTIFS('Respostas ao formulário 1'!$H$2:$H$237,$A3,'Respostas ao formulário 1'!$I$2:$I$237,D$1) -> 3
A4: Comodoro | B4: =COUNTIF('Respostas ao formulário 1'!$H$2:$H$262,A4) -> 1 | C4: =COUNTIFS('Respostas ao formulário 1'!$H$2:$H$237,$A4,'Respostas ao formulário 1'!$I$2:$I$237,C$1) -> 1 | D4: =COUNTIFS('Respostas ao formulário 1'!$H$2:$H$237,$A4,'Respostas ao formulário 1'!$I$2:$I$237,D$1) -> 0
A5: Conquista D'Oeste | B5: =COUNTIF('Respostas ao formulário 1'!$H$2:$H$262,A5) -> 3 | C5: =COUNTIFS('Respostas ao formulário 1'!$H$2:$H$237,$A5,'Respostas ao formulário 1'!$I$2:$I$237,C$1) -> 1 | D5: =COUNTIFS('Respostas ao formulário 1'!$H$2:$H$237,$A5,'Respostas ao formulário 1'!$I$2:$I$237,D$1) -> 2
A6: Curvelândia | B6: =COUNTIF('Respostas ao formulário 1'!$H$2:$H$262,A6) -> 3 | C6: =COUNTIFS('Respostas ao formulário 1'!$H$2:$H$237,$A6,'Respostas ao formulário 1'!$I$2:$I$237,C$1) -> 3 | D6: =COUNTIFS('Respostas ao formulário 1'!$H$2:$H$237,$A6,'Respostas ao formulário 1'!$I$2:$I$237,D$1) -> 0
A7: Figueirópolis D'Oeste | B7: =COUNTIF('Respostas ao formulário 1'!$H$2:$H$262,A7) -> 1 | C7: =COUNTIFS('Respostas ao formulário 1'!$H$2:$H$237,$A7,'Respostas ao formulário 1'!$I$2:$I$237,C$1) -> 0 | D7: =COUNTIFS('Respostas ao formulário 1'!$H$2:$H$237,$A7,'Respostas ao formulário 1'!$I$2:$I$237,D$1) -> 1
A8: Glória D'Oeste | B8: =COUNTIF('Respostas ao formulário 1'!$H$2:$H$262,A8) -> 0 | C8: =COUNTIFS('Respostas ao formulário 1'!$H$2:$H$237,$A8,'Respostas ao formulário 1'!$I$2:$I$237,C$1) -> 0 | D8: =COUNTIFS('Respostas ao formulário 1'!$H$2:$H$237,$A8,'Respostas ao formulário 1'!$I$2:$I$237,D$1) -> 0
A9: Indiavaí | B9: =COUNTIF('Respostas ao formulário 1'!$H$2:$H$262,A9) -> 0 | C9: =COUNTIFS('Respostas ao formulário 1'!$H$2:$H$237,$A9,'Respostas ao formulário 1'!$I$2:$I$237,C$1) -> 0 | D9: =COUNTIFS('Respostas ao formulário 1'!$H$2:$H$237,$A9,'Respostas ao formulário 1'!$I$2:$I$237,D$1) -> 0
A10: Jauru | B10: =COUNTIF('Respostas ao formulário 1'!$H$2:$H$262,A10) -> 4 | C10: =COUNTIFS('Respostas ao formulário 1'!$H$2:$H$237,$A10,'Respostas ao formulário 1'!$I$2:$I$237,C$1) -> 2 | D10: =COUNTIFS('Respostas ao formulário 1'!$H$2:$H$237,$A10,'Respostas ao formulário 1'!$I$2:$I$237,D$1) -> 2
A11: Lambari D'Oeste | B11: =COUNTIF('Respostas ao formulário 1'!$H$2:$H$262,A11) -> 0 | C11: =COUNTIFS('Respostas ao formulário 1'!$H$2:$H$237,$A11,'Respostas ao formulário 1'!$I$2:$I$237,C$1) -> 0 | D11: =COUNTIFS('Respostas ao formulário 1'!$H$2:$H$237,$A11,'Respostas ao formulário 1'!$I$2:$I$237,D$1) -> 0
A12: Mirassol d'Oeste | B12: =COUNTIF('Respostas ao formulário 1'!$H$2:$H$262,A12) -> 1 | C12: =COUNTIFS('Respostas ao formulário 1'!$H$2:$H$237,$A12,'Respostas ao formulário 1'!$I$2:$I$237,C$1) -> 0 | D12: =COUNTIFS('Respostas ao formulário 1'!$H$2:$H$237,$A12,'Respostas ao formulário 1'!$I$2:$I$237,D$1) -> 1 | E12: =SUM(C2:D12) -> 16
A13: Nova Lacerda | B13: =COUNTIF('Respostas ao formulário 1'!$H$2:$H$262,A13) -> 3 | C13: =COUNTIFS('Respostas ao formulário 1'!$H$2:$H$237,$A13,'Respostas ao formulário 1'!$I$2:$I$237,C$1) -> 0 | D13: =COUNTIFS('Respostas ao formulário 1'!$H$2:$H$237,$A13,'Respostas ao formulário 1'!$I$2:$I$237,D$1) -> 3
A14: Pontes e Lacerda | B14: =COUNTIF('Respostas ao formulário 1'!$H$2:$H$262,A14) -> 3 | C14: =COUNTIFS('Respostas ao formulário 1'!$H$2:$H$237,$A14,'Respostas ao formulário 1'!$I$2:$I$237,C$1) -> 0 | D14: =COUNTIFS('Respostas ao formulário 1'!$H$2:$H$237,$A14,'Respostas ao formulário 1'!$I$2:$I$237,D$1) -> 3
A15: Porto Esperidião | B15: =COUNTIF('Respostas ao formulário 1'!$H$2:$H$262,A15) -> 0 | C15: =COUNTIFS('Respostas ao formulário 1'!$H$2:$H$237,$A15,'Respostas ao formulário 1'!$I$2:$I$237,C$1) -> 0 | D15: =COUNTIFS('Respostas ao formulário 1'!$H$2:$H$237,$A15,'Respostas ao formulário 1'!$I$2:$I$237,D$1) -> 0
A16: Reserva do Cabaçal | B16: =COUNTIF('Respostas ao formulário 1'!$H$2:$H$262,A16) -> 3 | C16: =COUNTIFS('Respostas ao formulário 1'!$H$2:$H$237,$A16,'Respostas ao formulário 1'!$I$2:$I$237,C$1) -> 1 | D16: =COUNTIFS('Respostas ao formulário 1'!$H$2:$H$237,$A16,'Respostas ao formulário 1'!$I$2:$I$237,D$1) -> 2
A17: Rio Branco | B17: =COUNTIF('Respostas ao formulário 1'!$H$2:$H$262,A17) -> 0 | C17: =COUNTIFS('Respostas ao formulário 1'!$H$2:$H$237,$A17,'Respostas ao formulário 1'!$I$2:$I$237,C$1) -> 0 | D17: =COUNTIFS('Respostas ao formulário 1'!$H$2:$H$237,$A17,'Respostas ao formulário 1'!$I$2:$I$237,D$1) -> 0
A18: Rondolândia | B18: =COUNTIF('Respostas ao formulário 1'!$H$2:$H$262,A18) -> 2 | C18: =COUNTIFS('Respostas ao formulário 1'!$H$2:$H$237,$A18,'Respostas ao formulário 1'!$I$2:$I$237,C$1) -> 1 | D18: =COUNTIFS('Respostas ao formulário 1'!$H$2:$H$237,$A18,'Respostas ao formulário 1'!$I$2:$I$237,D$1) -> 1
A19: Salto do Céu | B19: =COUNTIF('Respostas ao formulário 1'!$H$2:$H$262,A19) -> 0 | C19: =COUNTIFS('Respostas ao formulário 1'!$H$2:$H$237,$A19,'Respostas ao formulário 1'!$I$2:$I$237,C$1) -> 0 | D19: =COUNTIFS('Respostas ao formulário 1'!$H$2:$H$237,$A19,'Respostas ao formulário 1'!$I$2:$I$237,D$1) -> 0
A20: São José dos Quatro Marcos | B20: =COUNTIF('Respostas ao formulário 1'!$H$2:$H$262,A20) -> 0 | C20: =COUNTIFS('Respostas ao formulário 1'!$H$2:$H$237,$A20,'Respostas ao formulário 1'!$I$2:$I$237,C$1) -> 0 | D20: =COUNTIFS('Respostas ao formulário 1'!$H$2:$H$237,$A20,'Respostas ao formulário 1'!$I$2:$I$237,D$1) -> 0
A21: Sapezal | B21: =COUNTIF('Respostas ao formulário 1'!$H$2:$H$262,A21) -> 0 | C21: =COUNTIFS('Respostas ao formulário 1'!$H$2:$H$237,$A21,'Respostas ao formulário 1'!$I$2:$I$237,C$1) -> 0 | D21: =COUNTIFS('Respostas ao formulário 1'!$H$2:$H$237,$A21,'Respostas ao formulário 1'!$I$2:$I$237,D$1) -> 0
A22: Vale de São Domingos | B22: =COUNTIF('Respostas ao formulário 1'!$H$2:$H$262,A22) -> 0 | C22: =COUNTIFS('Respostas ao formulário 1'!$H$2:$H$237,$A22,'Respostas ao formulário 1'!$I$2:$I$237,C$1) -> 0 | D22: =COUNTIFS('Respostas ao formulário 1'!$H$2:$H$237,$A22,'Respostas ao formulário 1'!$I$2:$I$237,D$1) -> 0
A23: Vila Bela da Santíssima Trindade | B23: =COUNTIF('Respostas ao formulário 1'!$H$2:$H$262,A23) -> 4 | C23: =COUNTIFS('Respostas ao formulário 1'!$H$2:$H$237,$A23,'Respostas ao formulário 1'!$I$2:$I$237,C$1) -> 2 | D23: =COUNTIFS('Respostas ao formulário 1'!$H$2:$H$237,$A23,'Respostas ao formulário 1'!$I$2:$I$237,D$1) -> 2 | E23: =SUM(C13:D23) -> 15
A24: Total | B24: =SUM(B2:B23) -> 31 | C24: =SUM(C2:C23) -> 11 | D24: =SUM(D2:D23) -> 20
A25: Munípios Inscritos | C25: =COUNTIF(C2:C23,">0") -> 7 | D25: =COUNTIF(D2:D23,">0") -> 10
B26: Inscritos | C26: CACS-FUNDEB | D26: Gestão municipal
