Workbook

Sheet Inscritos
A1: NI | B1: Carimbo de data/hora | C1: Endereço de e-mail | D1: Nome Completo: | E1: Confirme o E-mail | F1: CPF | G1: Data de Nascimento | H1: Telefone (XX)XXXXX-XXXX | I1: Município que representa: | J1: Você faz parte do: | K1: Que cargo você ocupa na gestão municipal? | L1: Prezado(a) Gestor(a), Se existe algum caso de sucesso da gestão do transporte escolar no seu município, gostaríamos conhecer mais um pouco ao respeito. Por favor, relate de forma sucinta o caso de sucesso no espaço a seguir: | M1: Que cargo você ocupa no CACS-FUNDEB? | N1: Confirmação de veracidade dos dados | O1: =+SUM(O2:O31) -> 28
A2: 25 | B2: 46090.435 | C2: tiagobenficadeassis@gmail.com | D2: Tiago Benfica de Assis | E2: tiagobenficadeassis@gmail.com | F2: 009.976.891-70 | G2: 31391 | H2: (66)98429-9272 | I2: ALTA FLORESTA | J2: CACS-FUNDEB | M2: CONSELHEIRO DA CÂMARA DO FUNDEB - REPRESENTANTE DO EXECUTIVO | N2: Declaro que revisei e confirmo a veracidade de todas as informações prestadas neste formulário. | O2: =IF(F2=F1,0,1) -> 1
A3: 2 | B3: 46073.611 | C3: valdineimakohi1984@gmail.com | D3: Valdinei Makohin do Nascimento | E3: valdineimakohi1984@gmail.com | F3: 011.149.971-29 | G3: 30705 | H3: (66)99919-6873 | I3: PARANAÍTA | J3: Gestão municipal | K3: Motorista escolar, e gestor veículo escolar | L3: Transporte escolar sistematizado e organizado | N3: Declaro que revisei e confirmo a veracidade de todas as informações prestadas neste formulário. | O3: =IF(F3=F2,0,1) -> 1
A4: 12 | B4: 46080.364 | C4: bianorodrigues85@gmail.com | D4: Fabiano Jose Rodrigues | E4: bianorodrigues85@gmail.com | F4: 011.797.911-26 | G4: 31121 | H4: (66)98408-1719 | I4: SANTA CRUZ DO XINGU | J4: Gestão municipal | K4: Supervivão e controle de Frotas Municipal da Educação | N4: Declaro que revisei e confirmo a veracidade de todas as informações prestadas neste formulário. | O4: =IF(F4=F3,0,1) -> 1
A5: 14 | B5: 46083.611 | C5: alicebrito88@hotmail.com | D5: Alice Maria Santos Brito | E5: alicebrito88@hotmail.com | F5: 015.753.371-93 | G5: 31064 | H5: (66)99669-8224 | I5: PARANAÍTA | J5: CACS-FUNDEB | M5: Representante pais | N5: Declaro que revisei e confirmo a veracidade de todas as informações prestadas neste formulário. | O5: =IF(F5=F4,0,1) -> 1
A6: 11 | B6: 46080.362 | C6: altamiromizuc@gmail.com | D6: Altamiro Corrêa Leite Junior | E6: altamiromizuc@gmail.com | F6: 020.147.301-13 | G6: 31829 | H6: (66)98432-1656 | I6: SANTA CRUZ DO XINGU | J6: Gestão municipal | K6: Secretario Municipal de Educação | L6: apoio com a DRE regional nos municipios, incentivo ao transporte. | N6: Declaro que revisei e confirmo a veracidade de todas as informações prestadas neste formulário. | O6: =IF(F6=F5,0,1) -> 1
A7: 29 | B7: 46091.719 | C7: elizeubaioco88@gmail.com | D7: Elizeu da Silva Baioco | E7: elizeubaioco88@gmail.com | F7: 025.590.831-83 | G7: 32231 | H7: (66)98436-4794 | I7: NOVA BANDEIRANTES | J7: CACS-FUNDEB | M7: Presidente | N7: Declaro que revisei e confirmo a veracidade de todas as informações prestadas neste formulário. | O7: =IF(F7=F6,0,1) -> 1
A8: 1 | B8: 46073.598 | C8: josidaluz201@gmail.com | D8: Josimeire da luz | E8: josidaluz201@gmail.com | F8: 028.495.521-35 | G8: 32718 | H8: (66)98421-2529 | I8: ALTA FLORESTA | J8: Gestão municipal | K8: Técnico Administrativo Educacional | N8: Declaro que revisei e confirmo a veracidade de todas as informações prestadas neste formulário. | O8: =IF(F8=F7,0,1) -> 1
A9: 28 | B9: 46091.714 | C9: everson.wiechorek@novabandeirantes.edu.mt.gov.br | D9: Everson Wiechorek | E9: everson.wiechorek@novabandeirantes.edu.mt.gov.br | F9: 032.294.371-01 | G9: 32775 | H9: (66)98459-2161 | I9: NOVA BANDEIRANTES | J9: Gestão municipal | K9: Técnico do Transporte Escolar | N9: Declaro que revisei e confirmo a veracidade de todas as informações prestadas neste formulário. | O9: =IF(F9=F8,0,1) -> 1
A10: 4 | B10: 46073.648 | C10: irineusantana814@gmail.com | D10: IRINEU SANTANA RAUSCHKOLB | E10: irineusantana814@gmail.com | F10: 040.738.891-50 | G10: 33569 | H10: (66)99939-9893 | I10: APIACÁS | J10: Gestão municipal | K10: TECNICO ADMINISTRATIVO E FINANCEIRO | N10: Declaro que revisei e confirmo a veracidade de todas as informações prestadas neste formulário. | O10: =IF(F10=F9,0,1) -> 1
A11: 30 | B11: 46093.518 | C11: erdileneonofre@outlook.com | D11: Erdilene Bueno Onofre | E11: erdileneonofre@outlook.com | F11: 043.728.121-32 | G11: 33990 | H11: (66)98419-2180 | I11: APIACÁS | J11: CACS-FUNDEB | M11: Secretária | N11: Declaro que revisei e confirmo a veracidade de todas as informações prestadas neste formulário. | O11: =IF(F11=F10,0,1) -> 1
A12: 22 | B12: 46087.675 | C12: marcelo.bruno@ifmt.edu.br | D12: Marcelo Alexandre Bruno | E12: marcelo.bruno@ifmt.edu.br | F12: 090.050.678-45 | G12: 25075 | H12: (66)98427-2859 | I12: ALTA FLORESTA | J12: CACS-FUNDEB | M12: Suplente educação superior | N12: Declaro que revisei e confirmo a veracidade de todas as informações prestadas neste formulário. | O12: =IF(F12=F11,0,1) -> 1
A13: 6 | B13: 46073.762 | C13: luanasenaaraujjo@gmail.com | D13: LUANA DE SENA DE ARAÚJO | E13: luanasenaaraujjo@gmail.com | F13: 090.833.181-92 | G13: 37494 | H13: (66)98412-4076 | I13: APIACÁS | J13: CACS-FUNDEB | M13: VICE - PRESIDENTE | N13: Declaro que revisei e confirmo a veracidade de todas as informações prestadas neste formulário. | O13: =IF(F13=F12,0,1) -> 1
A14: 7 | B14: 46073.764 | C14: zeapiacas@hotmail.com | D14: JOSÉ ROBERTO PEREIRA DA SILVA | E14: zeapiacas@hotmail.com | F14: 176.154.818-21 | G14: 26992 | H14: (66)98422-9843 | I14: APIACÁS | J14: Gestão municipal | K14: SECRETÁRIO MUNICIPAL DE EDUCAÇÃO | N14: Declaro que revisei e confirmo a veracidade de todas as informações prestadas neste formulário. | O14: =IF(F14=F13,0,1) -> 1
A15: 20 | B15: 46087.671 | C15: rosangelacunhadasilva2@gmail.com | D15: Rosangela Cunha da Silva | E15: rosangelacunhadasilva2@gmail.com | F15: 231.385.802-20 | G15: 25060 | H15: (66)99220-1350 | I15: ALTA FLORESTA | J15: CACS-FUNDEB | M15: Conselheiro | N15: Declaro que revisei e confirmo a veracidade de todas as informações prestadas neste formulário. | O15: =IF(F15=F14,0,1) -> 1
A16: 5 | B16: 46073.658 | C16: secretaria@novacanaadonorte.mt.gov.br | D16: Genize Luna de Carvalho | E16: secretaria@novacanaadonorte.mt.gov.br | F16: 650.632.441-49 | G16: 25764 | H16: (66)99995-7128 | I16: NOVA CANAÃ DO NORTE | J16: Gestão municipal | K16: Coordenador de Transporte Escolar | L16: Pela primeira vez, foi editado no município a Resolução com normas para o uso e disponibilidade do Transporte Escolar, pois até o ano de 2025, seguiamos regras e normas federais e estadual. RESOLUÇÃO Nº001/2026/CME/NCN Regulamenta as normas e procedimentos para gerenciamento e controle do Transporte Escolar em atendimento aos estudantes devidamente matriculados nas escolas da rede pública de ensino do Município de Nova Canaã do Norte-MT https://drive.google.com/file/d/1hzQz0YCXjcTmaDJR9XEqc5BdF7UStnaK/view?usp=sharing | N16: Declaro que revisei e confirmo a veracidade de todas as informações prestadas neste formulário. | O16: =IF(F16=F15,0,1) -> 1
A17: 15 | B17: 46084.508 | C17: maria.cavichia@novacanaadonorte.edu.mt.gov.br | D17: MARIA HELENA CAVICHIA | E17: maria.cavichia@novacanaadonorte.edu.mt.gov.br | F17: 688.369.021-20 | G17: 26549 | H17: (66)99959-3564 | I17: NOVA CANAÃ DO NORTE | J17: CACS-FUNDEB | M17: PRESIDENTE | N17: Declaro que revisei e confirmo a veracidade de todas as informações prestadas neste formulário. | O17: =IF(F17=F16,0,1) -> 1
A18: 10 | B18: 46079.484 | C18: daianemariana@gmail.com | D18: Daiane Mariana da Silva Benfica | E18: daianemariana@gmail.com | F18: 731.237.221-04 | G18: 31772 | H18: (66)98428-8628 | I18: CARLINDA | J18: Gestão municipal | K18: Coordenadora Administrativa | N18: Declaro que revisei e confirmo a veracidade de todas as informações prestadas neste formulário. | O18: =IF(F18=F17,0,1) -> 1
A19: 3 | B19: 46073.642 | C19: elisandrosilva12@hotmail.com | D19: Elisandro da Silva | E19: elisandrosilva12@hotmail.com | F19: 794.483.211-04 | G19: 27782 | H19: (66)98457-2467 | I19: CARLINDA | J19: CACS-FUNDEB | M19: Presidente | N19: Declaro que revisei e confirmo a veracidade de todas as informações prestadas neste formulário. | O19: =IF(F19=F18,0,1) -> 1
A20: 9 | B20: 46077.36 | C20: elisandrosilva12@hotmail.com | D20: Elisandro da Silva | E20: elisandrosilva12@hotmail.com | F20: 794.483.211-04 | G20: 27782 | H20: (66)98457-2467 | I20: CARLINDA | J20: CACS-FUNDEB | M20: Presidente | N20: Declaro que revisei e confirmo a veracidade de todas as informações prestadas neste formulário. | O20: =IF(F20=F19,0,1) -> 0
A21: 19 | B21: 46087.67 | C21: onolilian11@gmail.com | D21: Lilian Sayuri Ono | E21: onolilian11@gmail.com | F21: 830.654.741-15 | G21: 29016 | H21: (66)99283-0493 | I21: ALTA FLORESTA | J21: CACS-FUNDEB | M21: Conselheira CACS -FUNDEB | N21: Declaro que revisei e confirmo a veracidade de todas as informações prestadas neste formulário. | O21: =IF(F21=F20,0,1) -> 1
A22: 24 | B22: 46087.787 | C22: onolilian11@gmail.com | D22: Lilian Sayuri Ono | E22: onolilian11@gmail.com | F22: 830.654.741-15 | G22: 29016 | H22: (66)99283-0493 | I22: ALTA FLORESTA | J22: CACS-FUNDEB | M22: Consslheira | N22: Declaro que revisei e confirmo a veracidade de todas as informações prestadas neste formulário. | O22: =IF(F22=F21,0,1) -> 0
A23: 23 | B23: 46087.757 | C23: neu_caf@hotmail.com | D23: Neuzira Rosa de Brito | E23: neu_caf@hotmail.com | F23: 848.226.941-00 | G23: 28454 | H23: (66)99242-3526 | I23: ALTA FLORESTA | J23: CACS-FUNDEB | M23: Conselheira titular | N23: Declaro que revisei e confirmo a veracidade de todas as informações prestadas neste formulário. | O23: =IF(F23=F22,0,1) -> 1
A24: 18 | B24: 46087.601 | C24: andreoliveiralima@hotmail.com | D24: André Oliveira Lima | E24: andreoliveiralima@hotmail.com | F24: 857.649.141-91 | G24: 28359 | H24: (94)98413-5970 | I24: ALTA FLORESTA | J24: CACS-FUNDEB | M24: Presidente | N24: Declaro que revisei e confirmo a veracidade de todas as informações prestadas neste formulário. | O24: =IF(F24=F23,0,1) -> 1
A25: 21 | B25: 46087.672 | C25: conselhoaltafloresta@gmail.com | D25: JOUSE MARIA CONRADO | E25: conselhoaltafloresta@gmail.com | F25: 894.809.451-34 | G25: 28899 | H25: (66)99204-5216 | I25: ALTA FLORESTA | J25: CACS-FUNDEB | M25: CONSELHEIRA | N25: Declaro que revisei e confirmo a veracidade de todas as informações prestadas neste formulário. | O25: =IF(F25=F24,0,1) -> 1
A26: 17 | B26: 46085.668 | C26: rosildaeve@outlook.com | D26: ROSILDA RIBEIRO CHAGAS | E26: rosildaeve@outlook.com | F26: 957.003.829-20 | G26: 27429 | H26: (66)99685-5867 | I26: NOVA CANAÃ DO NORTE | J26: CACS-FUNDEB | M26: REPRESENTANTE TITULAR DO EXECUTIVO | N26: Declaro que revisei e confirmo a veracidade de todas as informações prestadas neste formulário. | O26: =IF(F26=F25,0,1) -> 1
A27: 27 | B27: 46090.933 | C27: roni_nx@hotmail.com | D27: Ronivaldo Marques Pinto | E27: roni_nx@hotmail.com | F27: 969.569.331-87 | G27: 30631 | H27: (66)99955-0748 | I27: PARANAÍTA | J27: Gestão municipal | K27: Condutor de Veículo Escolar | L27: . | N27: Declaro que revisei e confirmo a veracidade de todas as informações prestadas neste formulário. | O27: =IF(F27=F26,0,1) -> 1
A28: 16 | B28: 46084.556 | C28: joselaine.sanches@edu.mt.gov.br | D28: Joselaine Bezerra Sanches | E28: Joselaine.sanches@edu.mt.gov.br | F28: 970.283.631-04 | G28: 30804 | H28: (66)99923-6024 | I28: NOVA CANAÃ DO NORTE | J28: CACS-FUNDEB | M28: Presidente do transporte | N28: Declaro que revisei e confirmo a veracidade de todas as informações prestadas neste formulário. | O28: =IF(F28=F27,0,1) -> 1
A29: 13 | B29: 46083.61 | C29: ildooliveiradasilva814@gmail.com | D29: Ildo Oliveira da Silva | E29: ildooliveiradasilva814@gmail.com | F29: 980.192.281-87 | G29: 30380 | H29: (66)99915-6672 | I29: PARANAÍTA | J29: Gestão municipal | K29: diretor escolar | N29: Declaro que revisei e confirmo a veracidade de todas as informações prestadas neste formulário. | O29: =IF(F29=F28,0,1) -> 1
A30: 26 | B30: 46090.627 | C30: sasso.123@hotmail.com | D30: Rudnei Moraes Sasso | E30: sasso.123@hotmail.com | F30: 991.302.971-68 | G30: 29332 | H30: (66)99630-1179 | I30: ALTA FLORESTA | J30: Gestão municipal | K30: Motorista Escola | N30: Declaro que revisei e confirmo a veracidade de todas as informações prestadas neste formulário. | O30: =IF(F30=F29,0,1) -> 1
A31: 8 | B31: 46077.352 | C31: elaine.souza@carlinda.edu.mt.gov.br | D31: Elaine Batista Costa de Souza | E31: elaine.souza@carlinda.edu.mt.gov.br | F31: 998.947.421-49 | G31: 30394 | H31: (66)98404-0221 | I31: CARLINDA | J31: Gestão municipal | K31: Secretária Municipal de Educação | L31: Utilizamos o Transcolar Rural, tem nos ajudado a mapear rotas, sendo este uma exigência do governo do estado. | N31: Declaro que revisei e confirmo a veracidade de todas as informações prestadas neste formulário. | O31: =IF(F31=F30,0,1) -> 1

Sheet Resumo de inscrições
A1: Município | B1: CACS-FUNDEB | C1: Gestão municipal | D1: INSCRITOS
A2: ALTA FLORESTA | B2: =SUMIFS(Inscritos!$O$2:$O$51,Inscritos!$I$2:$I$51,'Resumo de inscrições'!$A2,Inscritos!$J$2:$J$51,'Resumo de inscrições'!B$1) -> 7 | C2: =SUMIFS(Inscritos!$O$2:$O$51,Inscritos!$I$2:$I$51,'Resumo de inscrições'!$A2,Inscritos!$J$2:$J$51,'Resumo de inscrições'!C$1) -> 2 | D2: =SUM(B2:C2) -> 9
A3: APIACÁS | B3: =SUMIFS(Inscritos!$O$2:$O$51,Inscritos!$I$2:$I$51,'Resumo de inscrições'!$A3,Inscritos!$J$2:$J$51,'Resumo de inscrições'!B$1) -> 2 | C3: =SUMIFS(Inscritos!$O$2:$O$51,Inscritos!$I$2:$I$51,'Resumo de inscrições'!$A3,Inscritos!$J$2:$J$51,'Resumo de inscrições'!C$1) -> 2 | D3: =SUM(B3:C3) -> 4
A4: CARLINDA | B4: =SUMIFS(Inscritos!$O$2:$O$51,Inscritos!$I$2:$I$51,'Resumo de inscrições'!$A4,Inscritos!$J$2:$J$51,'Resumo de inscrições'!B$1) -> 1 | C4: =SUMIFS(Inscritos!$O$2:$O$51,Inscritos!$I$2:$I$51,'Resumo de inscrições'!$A4,Inscritos!$J$2:$J$51,'Resumo de inscrições'!C$1) -> 2 | D4: =SUM(B4:C4) -> 3
A5: NOVA CANAÃ DO NORTE | B5: =SUMIFS(Inscritos!$O$2:$O$51,Inscritos!$I$2:$I$51,'Resumo de inscrições'!$A5,Inscritos!$J$2:$J$51,'Resumo de inscrições'!B$1) -> 3 | C5: =SUMIFS(Inscritos!$O$2:$O$51,Inscritos!$I$2:$I$51,'Resumo de inscrições'!$A5,Inscritos!$J$2:$J$51,'Resumo de inscrições'!C$1) -> 1 | D5: =SUM(B5:C5) -> 4
A6: PARANAÍTA | B6: =SUMIFS(Inscritos!$O$2:$O$51,Inscritos!$I$2:$I$51,'Resumo de inscrições'!$A6,Inscritos!$J$2:$J$51,'Resumo de inscrições'!B$1) -> 1 | C6: =SUMIFS(Inscritos!$O$2:$O$51,Inscritos!$I$2:$I$51,'Resumo de inscrições'!$A6,Inscritos!$J$2:$J$51,'Resumo de inscrições'!C$1) -> 3 | D6: =SUM(B6:C6) -> 4
A7: SANTA CRUZ DO XINGU | B7: =SUMIFS(Inscritos!$O$2:$O$51,Inscritos!$I$2:$I$51,'Resumo de inscrições'!$A7,Inscritos!$J$2:$J$51,'Resumo de inscrições'!B$1) -> 0 | C7: =SUMIFS(Inscritos!$O$2:$O$51,Inscritos!$I$2:$I$51,'Resumo de inscrições'!$A7,Inscritos!$J$2:$J$51,'Resumo de inscrições'!C$1) -> 2 | D7: =SUM(B7:C7) -> 2
A8: NOVA BANDEIRANTES | B8: =SUMIFS(Inscritos!$O$2:$O$51,Inscritos!$I$2:$I$51,'Resumo de inscrições'!$A8,Inscritos!$J$2:$J$51,'Resumo de inscrições'!B$1) -> 1 | C8: =SUMIFS(Inscritos!$O$2:$O$51,Inscritos!$I$2:$I$51,'Resumo de inscrições'!$A8,Inscritos!$J$2:$J$51,'Resumo de inscrições'!C$1) -> 1 | D8: =SUM(B8:C8) -> 2
A9: NOVA MONTE VERDE | B9: =SUMIFS(Inscritos!$O$2:$O$51,Inscritos!$I$2:$I$51,'Resumo de inscrições'!$A9,Inscritos!$J$2:$J$51,'Resumo de inscrições'!B$1) -> 0 | C9: =SUMIFS(Inscritos!$O$2:$O$51,Inscritos!$I$2:$I$51,'Resumo de inscrições'!$A9,Inscritos!$J$2:$J$51,'Resumo de inscrições'!C$1) -> 0 | D9: =SUM(B9:C9) -> 0
A10: SÃO JOSÉ DO XINGU | B10: =SUMIFS(Inscritos!$O$2:$O$51,Inscritos!$I$2:$I$51,'Resumo de inscrições'!$A10,Inscritos!$J$2:$J$51,'Resumo de inscrições'!B$1) -> 0 | C10: =SUMIFS(Inscritos!$O$2:$O$51,Inscritos!$I$2:$I$51,'Resumo de inscrições'!$A10,Inscritos!$J$2:$J$51,'Resumo de inscrições'!C$1) -> 0 | D10: =SUM(B10:C10) -> 0
A11: Total | B11: =SUM(B2:B10) -> 15 | C11: =SUM(C2:C10) -> 13 | D11: =SUM(B11:C11) -> 28
